name,email,phone,
Alison Funk,Buster_Prosacco@yahoo.com,1-574-802-5831 x22828
Krystal Kshlerin-Goodwin,Godfrey.Cummings-Wisozk76@gmail.com,1-228-788-1884 x47215
Ginger Luettgen,Allen_Lehner@hotmail.com,681-912-5422
Mr. Greg O'Conner,Una_Leffler95@yahoo.com,600-888-8067 x2799
Emma Yost,Aileen93@yahoo.com,977.418.8934 x378
Patti Wuckert,Jermaine.Mueller51@yahoo.com,784.268.7804 x96066
Renee Wilderman,Lola81@gmail.com,709-680-9747 x5066
Brett Hodkiewicz,Zora.Langosh@hotmail.com,547-934-6262 x58217
Dewey Terry,Karl_Carroll23@yahoo.com,585.706.2684 x783
Randolph Toy,Zachary96@hotmail.com,(296) 980-0290 x89196
Dora Simonis,Nicolette79@gmail.com,(536) 962-5961 x20220
Martha Maggio Sr.,Prudence4@hotmail.com,1-653-517-5818 x17461
Tommie Sanford-Funk,Rocio_DAmore10@gmail.com,(713) 431-0255 x903
Grady Wolff,Pearline.Koss@yahoo.com,724-319-2984 x722
Pablo Grady,Princess.Senger33@gmail.com,1-399-486-8175 x0135
Rebecca Hettinger,Myriam.Rippin@yahoo.com,586.816.3423 x73288
Dr. Wesley Rosenbaum,Alda_Muller63@yahoo.com,(890) 500-9281 x10483
Garrett Stamm,Ceasar43@gmail.com,1-631-719-6208 x0556
Lorenzo Kutch,Alva.Bosco10@yahoo.com,412.274.5350 x79208
Irvin Boehm,Loma.Emard29@gmail.com,941.293.1106 x637
Jackie Jerde,Easter26@yahoo.com,1-586-550-5890
Vivian Howell,Dereck.Zemlak@gmail.com,(576) 965-0816 x16389
Sylvia Braun II,Charles_Brekke@yahoo.com,790.962.1734 x00775
Moses McDermott,Amina_Larson@hotmail.com,315-899-7026 x4876
Bruce Kovacek,Beverly_Schneider@yahoo.com,418.490.7346 x31569
Gerard Walker,Hulda.Keebler@hotmail.com,484-786-0882 x499
Karl Harber,Maximus_Kuhn54@yahoo.com,(984) 294-5118 x865
Tommie Goldner,Loren14@gmail.com,1-417-354-9104
Gerardo Wuckert III,Valentine_McClure65@yahoo.com,1-757-253-4024 x68702
Edward Quigley V,Lamar_Stehr@gmail.com,559-268-3164 x150
Helen Boehm DDS,Jade23@gmail.com,955.796.5278
Frankie Lynch,Marcelino35@gmail.com,(452) 802-6019 x691
Dr. Jose Steuber,Oleta.Monahan@gmail.com,1-801-250-5474 x255
Dr. Brad Mraz Jr.,Jarrett_Douglas9@yahoo.com,796.753.8384 x27507
Francis Schroeder-Hills,Jess_Mann91@gmail.com,1-614-757-1203 x10593
Joann Harvey,Shyanne_Fisher-Altenwerth@yahoo.com,676-470-1415 x8002
Inez Mann,Leora_Herzog@yahoo.com,(592) 978-2756 x25520
Renee Shanahan,Amya44@hotmail.com,(743) 403-9246 x447
Dr. Glen Powlowski,Marisol_Langosh98@gmail.com,527.721.8029 x9394
Julius Streich,Marlen60@gmail.com,412.762.3277 x557
Cindy Anderson,Deshaun.Waters-Cole@hotmail.com,385.395.4602 x12140
Santiago Lowe,Maida27@yahoo.com,(868) 957-4401
Billy Kovacek,Salvador.Kihn93@yahoo.com,(335) 704-0392 x901
Hugh Jaskolski-Ziemann,Elmira_Murazik92@gmail.com,457-983-3183
Ms. Yvonne Bernhard,Bradford_Kilback@yahoo.com,313-407-1938 x909
Ms. Patricia Ruecker,Tressie63@gmail.com,(259) 450-2689 x171
Jordan Durgan,Noemie.DuBuque23@yahoo.com,213-880-4967
Pat McDermott-Deckow,Dylan67@hotmail.com,675-867-5766 x856
Cecil Stehr,Kaylah.Christiansen@hotmail.com,1-604-771-0316
Mr. Shane Donnelly,Wilson42@hotmail.com,786-229-7436
Ada Homenick-Stamm,Lacy.Kulas75@hotmail.com,1-291-926-3419 x71758
Dr. Mindy Lemke,Orin16@yahoo.com,1-273-789-0426 x5752
Yvette Jaskolski,Edmond20@hotmail.com,1-382-571-0871 x720
Amanda Hintz,Greg71@gmail.com,1-243-578-2161 x87616
Ruth Donnelly,Aurore68@gmail.com,1-260-748-0205
Kristi Harris,Isabel_Fay11@yahoo.com,1-590-358-7306 x619
Agnes Rath,Nick85@gmail.com,734.885.4692 x4010
Lola Hackett,Chyna.Jacobson@hotmail.com,(277) 587-5042 x168
Mr. Jon Predovic,Craig90@hotmail.com,1-475-998-4702 x6437
Dr. Louis Marks,Annabelle_Harvey16@gmail.com,1-920-809-0286 x7944
Miss Melinda Fadel,Natalia45@yahoo.com,(436) 708-3868
Lisa Nitzsche,Gladyce35@gmail.com,633-861-7951 x34892
Elaine Mayer,Daisha76@gmail.com,850-272-0287
Mindy Russel,Carter91@hotmail.com,1-942-417-8696 x69440
Darlene Abshire,Floy96@yahoo.com,(802) 541-6684 x6751
Stanley Legros,Elwyn.Deckow49@hotmail.com,791-384-2733
Simon Pacocha,Jessika.Morar-Koelpin@hotmail.com,(376) 513-4210 x59407
Ryan Bernier PhD,Eliseo.McKenzie@gmail.com,401-908-9965
Dr. Rosie Hermann,Rebeka75@gmail.com,1-519-642-6883 x128
Emanuel Wiza,Celia_Ankunding@hotmail.com,1-751-514-3486
Joe Mueller,Rebekah.Christiansen@yahoo.com,(228) 468-9616 x45573
Samantha Moen,Bart.Balistreri17@hotmail.com,231-528-5422 x3879
Keith Becker V,Glennie23@hotmail.com,695-674-6887 x34323
Jessie Rutherford,Peyton91@gmail.com,1-689-686-4129 x80095
Harold D'Amore IV,Alessandra.Graham66@yahoo.com,612-544-1128 x37650
Felix Lehner,Richard.Metz65@yahoo.com,803-592-9519
Catherine Herzog,Jakob62@yahoo.com,1-483-345-9190 x059
Diane Maggio,Cara18@gmail.com,1-648-546-0040 x19426
Mr. Ronnie Graham,Maxie_Maggio29@yahoo.com,1-439-880-5343 x2854
Tara Tillman,Martine.Wilderman@gmail.com,433.306.9448 x9819
Elisa Koss,Cody13@yahoo.com,551.515.5321 x563
Ms. Erika Rutherford,Hailey.OConnell58@gmail.com,1-889-594-6522
Reginald Dietrich,Louie90@yahoo.com,1-529-454-4497 x33234
Robin Langworth,Steve_Romaguera46@gmail.com,(827) 531-9865 x5934
Dr. Byron Brown IV,Kiley_Fay72@yahoo.com,1-586-734-8616 x70905
Mrs. Susie Zieme IV,Shane6@hotmail.com,1-259-501-7376 x227
Raquel Quitzon,Myron_Predovic99@gmail.com,425.322.2972 x4888
Emilio Schimmel,Marlon.Stokes-Towne@hotmail.com,(630) 229-6480 x668
Archie Runte,Krystina58@yahoo.com,586-240-7457 x6035
Mr. Gary Zieme,Ellsworth71@hotmail.com,1-817-633-4918 x944
Tasha Streich,Brandi86@gmail.com,(764) 593-0824 x73939
Johnnie Nolan,Mayra_Dibbert81@yahoo.com,1-829-447-2929 x9745
Tasha Schimmel,Lonie_Jenkins96@hotmail.com,1-624-609-2471
Brenda Spinka,Hans.Treutel64@hotmail.com,1-679-946-8122
Alma Marks,Estevan.Howell14@gmail.com,(851) 385-3641 x64854
Jean Weber,Elisa.Kling-Prosacco@yahoo.com,(732) 653-4058 x29805
Jaime Harris,Rosalee_Zboncak92@hotmail.com,288.630.2912
Leonard Rath,Nathen72@hotmail.com,1-225-743-0430 x32424
Alberto Ryan,Waino_Terry@gmail.com,272.709.0327 x8257
Mrs. Latoya Zulauf,Jessyca_Yost-Hermann28@hotmail.com,350.726.6215 x2201
